Site_Name,AQS_ID,Pollutant,Parameter,
2912 Coffey,311530007,PM2.5,88101,
2912 Coffey,311530007,PM2.5,88101,
92nd and Berry,310550052,PM2.5,88101,
92nd and Berry,310550052,PM2.5,88101,
ADEQ-DSR,51191008,PM2.5,88502,
ADEQ-DSR,51191008,PM2.5,88502,
AIR LAB,470931013,PM2.5,88101,
AIR LAB,470931013,PM2.5,88101,
ALSIP,170310001,PM2.5,88101,
ALSIP,170310001,PM2.5,88101,
ASHLAND,10270001,PM2.5,88101,
ASHLAND,10270001,PM2.5,88101,
ATHENS,471071002,PM2.5,88101,
ATHENS,471071002,PM2.5,88101,
Albany,130950007,PM2.5,88502,
Albany,130950007,PM2.5,88502,
Algonquin Parkw,211111041,PM2.5,88101,
Algonquin Parkw,211111041,PM2.5,88101,
Allen Park,261630001,PM2.5,88101,
Allen Park,261630001,PM2.5,88101,
Alton,171190120,PM2.5,88101,
Alton,171190120,PM2.5,88101,
Amanda Elem,390170019,PM2.5,88101,
Amanda Elem,390170019,PM2.5,88101,
Amarillo 24th A,483751025,PM2.5,88101,
Amarillo 24th A,483751025,PM2.5,88101,
Anderson-Eastsi,180950011,PM2.5,88101,
Anderson-Eastsi,180950011,PM2.5,88101,
Anthony,350130016,PM2.5,88101,
Apple Valley,270370470,PM2.5,88101,
Apple Valley,270370470,PM2.5,88101,
Appleton AAL,550870009,PM2.5,88101,
Appleton AAL,550870009,PM2.5,88101,
Arnold West,290990019,PM2.5,88101,
Arnold West,290990019,PM2.5,88101,
Ascarate Park S,481410055,PM2.5,88101,
Ascarate Park S,481410055,PM2.5,88101,
Athens,130590002,PM2.5,88101,
Athens,130590002,PM2.5,88101,
Audubon C38,484530020,PM2.5,88101,
Audubon C38,484530020,PM2.5,88101,
Augusta,132450091,PM2.5,88101,
Augusta,132450091,PM2.5,88101,
Aurora,170890007,PM2.5,88101,
Aurora,170890007,PM2.5,88101,
Austin North In,484531068,PM2.5,88101,
Austin North In,484531068,PM2.5,88101,
Austin Webbervi,484530021,PM2.5,88101,
Austin Webbervi,484530021,PM2.5,88101,
Azalea,121030018,PM2.5,88101,
Azalea,121030018,PM2.5,88101,
BDED,370210034,PM2.5,88101,
BDED,370210034,PM2.5,88101,
BONDVILLE,170191001,PM2.5,88101,
BONDVILLE,170191001,PM2.5,88101,
BPG,390170022,PM2.5,88101,
BPG,390170022,PM2.5,88101,
BRAIDWD,171971011,PM2.5,88101,
BRAIDWD,171971011,PM2.5,88101,
BRYSON,371730002,PM2.5,88101,
BRYSON,371730002,PM2.5,88101,
Bad River Triba,550030010,PM2.5,88101,
Bad River Triba,550030010,PM2.5,88101,
Bay City,260170014,PM2.5,88101,
Bay City,260170014,PM2.5,88101,
Baytown C148,482010058,PM2.5,88101,
Baytown C148,482010058,PM2.5,88101,
Bee Ridge,121150013,PM2.5,88101,
Bee Ridge,121150013,PM2.5,88101,
Belle Glade,120990008,PM2.5,88101,
Belle Glade,120990008,PM2.5,88101,
Blaine,270031002,PM2.5,88101,
Blaine,270031002,PM2.5,88101,
Blair Street,295100085,PM2.5,88101,
Blair Street,295100085,PM2.5,88101,
Blair,311770002,PM2.5,88101,
Blair,311770002,PM2.5,88101,
Blind Services;,121275002,PM2.5,88101,
Blind Services;,121275002,PM2.5,88101,
Bloomington - B,181050003,PM2.5,88101,
Bloomington - B,181050003,PM2.5,88101,
Bonifay,120590004,PM2.5,88502,
Bonifay,120590004,PM2.5,88502,
Brainerd,270353204,PM2.5,88101,
Brainerd,270353204,PM2.5,88101,
Branch Street,295100093,PM2.5,88101,
Branch Street,295100093,PM2.5,88101,
Brownsville Eas,480611098,PM2.5,88101,
Brownsville Eas,480611098,PM2.5,88101,
Brunswick,131270006,PM2.5,88101,
Brunswick,131270006,PM2.5,88101,
Bryan Finfeathe,480411086,PM2.5,88101,
Bryan Finfeathe,480411086,PM2.5,88101,
CAPCOG Pflugerv,482091633,PM2.5,88101,
CAPCOG Pflugerv,482091633,PM2.5,88101,
CAPCOG TAYLOR M,482091629,PM2.5,88101,
CAPCOG TAYLOR M,482091629,PM2.5,88101,
CARPENTER,191530030,PM2.5,88101,
CARPENTER,191530030,PM2.5,88101,
CARY,171110001,PM2.5,88101,
CARY,171110001,PM2.5,88101,
CASTLE H,371290002,PM2.5,88101,
CASTLE H,371290002,PM2.5,88101,
CHI_COM,170310076,PM2.5,88101,
CHI_COM,170310076,PM2.5,88101,
CHI_MAYFAIR,170310052,PM2.5,88101,
CHI_MAYFAIR,170310052,PM2.5,88101,
CHI_SP,170310057,PM2.5,88101,
CHI_SP,170310057,PM2.5,88101,
CHI_WASH,170310022,PM2.5,88101,
CHI_WASH,170310022,PM2.5,88101,
CLEANinCLE MMS,39035CICM,PM2.5,88101,
CLEANinCLE MMS,39035CICM,PM2.5,88101,
CLEVELAND,280110002,PM2.5,88101,
CLEVELAND,280110002,PM2.5,88101,
Calaveras Lake ,480290059,PM2.5,88101,
Calaveras Lake ,480290059,PM2.5,88101,
Candor FRO,371230001,PM2.5,88101,
Candor FRO,371230001,PM2.5,88101,
Cannons Lane,211110067,PM2.5,88101,
Cannons Lane,211110067,PM2.5,88101,
Canton Fire St8,391510017,PM2.5,88101,
Canton Fire St8,391510017,PM2.5,88101,
Canton,391510020,PM2.5,88101,
Canton,391510020,PM2.5,88101,
Cape Romain,450190046,PM2.5,88101,
Cape Romain,450190046,PM2.5,88101,
Capitol,220330009,PM2.5,88101,
Capitol,220330009,PM2.5,88101,
Carrithers Midd,211110080,PM2.5,88101,
Carrithers Midd,211110080,PM2.5,88101,
Carthage,390610014,PM2.5,88101,
Carthage,390610014,PM2.5,88101,
Catawba Indian ,TT0328801,PM2.5,88101,
Catawba Indian ,TT0328801,PM2.5,88101,
Cedar Bluff,201950001,PM2.5,88101,
Cedar Bluff,201950001,PM2.5,88101,
Chalmette Vista,220870007,PM2.5,88101,
Chalmette Vista,220870007,PM2.5,88101,
Chamizal C41,481410044,PM2.5,88101,
Chamizal C41,481410044,PM2.5,88101,
Champaign,170190006,PM2.5,88101,
Champaign,170190006,PM2.5,88101,
Chanute,201330003,PM2.5,88101,
Chanute,201330003,PM2.5,88101,
Chesterfield,450250001,PM2.5,88101,
Chesterfield,450250001,PM2.5,88101,
Chickasaw,10970003,PM2.5,88101,
Chickasaw,10970003,PM2.5,88101,
Chippewa,391030004,PM2.5,88101,
Chippewa,391030004,PM2.5,88101,
Chiwaukee,550590019,PM2.5,88101,
Chiwaukee,550590019,PM2.5,88101,
Cicero Liberty,170316005,PM2.5,88101,
Cicero Liberty,170316005,PM2.5,88101,
Cincinnati Near,390610048,PM2.5,88101,
Cincinnati Near,390610048,PM2.5,88101,
City Park,220710012,PM2.5,88502,
City Park,220710012,PM2.5,88502,
Clarksville,471252001,PM2.5,88101,
Clarksville,471252001,PM2.5,88101,
Clemmons Middle,370670030,PM2.5,88101,
Clemmons Middle,370670030,PM2.5,88101,
Cleveland Fire ,390350045,PM2.5,88101,
Cleveland Fire ,390350045,PM2.5,88101,
Cleveland Near ,390350073,PM2.5,88101,
Cleveland Near ,390350073,PM2.5,88101,
Clinton C403,482011035,PM2.5,88101,
Clinton C403,482011035,PM2.5,88101,
"Clinton, Chancy",190450019,PM2.5,88101,
"Clinton, Chancy",190450019,PM2.5,88101,
Coastal Carolin,450510008,PM2.5,88502,
Coastal Carolin,450510008,PM2.5,88502,
Coconut Creek,120115005,PM2.5,88101,
Coconut Creek,120115005,PM2.5,88101,
Colerain,390610010,PM2.5,88502,
Colerain,390610010,PM2.5,88502,
Columbia,471192007,PM2.5,88101,
Columbia,471192007,PM2.5,88101,
Columbus - Rock,180050008,PM2.5,88101,
Columbus - Rock,180050008,PM2.5,88101,
Columbus Baker ,132150012,PM2.5,88502,
Columbus Baker ,132150012,PM2.5,88502,
Conroe Relocate,483390078,PM2.5,88101,
Conroe Relocate,483390078,PM2.5,88101,
Cookeville,471410005,PM2.5,88101,
Cookeville,471410005,PM2.5,88101,
Corpus Christi ,483550034,PM2.5,88101,
Corpus Christi ,483550034,PM2.5,88101,
Corpus Christi ,483550032,PM2.5,88101,
Corpus Christi ,483550032,PM2.5,88101,
Corsicana C1051,483491051,PM2.5,88101,
Corsicana C1051,483491051,PM2.5,88101,
Crossville,10491003,PM2.5,88101,
Crossville,10491003,PM2.5,88101,
Crystal River P,120170006,PM2.5,88502,
Crystal River P,120170006,PM2.5,88502,
DECATUR,171150013,PM2.5,88101,
DECATUR,11030011,PM2.5,88101,
DECATUR,11030011,PM2.5,88101,
DECATUR,171150013,PM2.5,88101,
DESPLNS,170314007,PM2.5,88101,
DESPLNS,170314007,PM2.5,88101,
DYERSBURG,470450004,PM2.5,88101,
DYERSBURG,470450004,PM2.5,88101,
Dale - Wallace ,181470011,PM2.5,88101,
Dale - Wallace ,181470011,PM2.5,88101,
"Davenport, 10th",191630015,PM2.5,88101,
"Davenport, 10th",191630015,PM2.5,88101,
Dearborn,261630033,PM2.5,88101,
Dearborn,261630033,PM2.5,88101,
Del Norte,350010023,PM2.5,88101,
Del Norte,350010023,PM2.5,88101,
Delray Beach,120992005,PM2.5,88101,
Delray Beach,120992005,PM2.5,88101,
Denton Airport ,481210034,PM2.5,88101,
Denton Airport ,481210034,PM2.5,88101,
Desert View,350130021,PM2.5,88101,
Desert View,350130021,PM2.5,88101,
Detroit Lakes,270052013,PM2.5,88101,
Detroit Lakes,270052013,PM2.5,88101,
Detroit-DP4th,261630098,PM2.5,88101,
Detroit-DP4th,261630098,PM2.5,88101,
Detroit-E7 Mile,261630019,PM2.5,88101,
Detroit-E7 Mile,261630019,PM2.5,88101,
Detroit-Militar,261630100,PM2.5,88101,
Detroit-Militar,261630100,PM2.5,88101,
Detroit-NMH4821,261630097,PM2.5,88101,
Detroit-NMH4821,261630097,PM2.5,88101,
Detroit-Southwe,261630015,PM2.5,88101,
Detroit-Southwe,261630015,PM2.5,88101,
Detroit-Trinity,261630099,PM2.5,88101,
Detroit-Trinity,261630099,PM2.5,88101,
Devils Lake,551110007,PM2.5,88101,
Devils Lake,551110007,PM2.5,88101,
District 6,390350034,PM2.5,88101,
District 6,390350034,PM2.5,88101,
Dodge City,200570002,PM2.5,88101,
Dodge City,200570002,PM2.5,88101,
Dripping Spring,482090614,PM2.5,88101,
Dripping Spring,482090614,PM2.5,88101,
Duluth-WDSE,271377550,PM2.5,88101,
Duluth-WDSE,271377550,PM2.5,88101,
Duncanville Mid,11250011,PM2.5,88101,
Duncanville Mid,11250011,PM2.5,88101,
Durham Armory,370630015,PM2.5,88101,
Durham Armory,370630015,PM2.5,88101,
EAST HIGH,191531427,PM2.5,88101,
EAST HIGH,191531427,PM2.5,88101,
Eagle Pass C319,483230004,PM2.5,88101,
Eagle Pass C319,483230004,PM2.5,88101,
East Chicago - ,180890034,PM2.5,88101,
East Chicago - ,180890034,PM2.5,88101,
East HS,391530017,PM2.5,88101,
East HS,391530017,PM2.5,88101,
East Haverhill,391450015,PM2.5,88101,
East Haverhill,391450015,PM2.5,88101,
East St. Louis,171630010,PM2.5,88101,
East St. Louis,171630010,PM2.5,88101,
Eastside Pump S,390951003,PM2.5,88101,
Eastside Pump S,390951003,PM2.5,88101,
Eau Claire,550350014,PM2.5,88101,
Eau Claire,550350014,PM2.5,88101,
Edinburg C1046,482151046,PM2.5,88101,
Edinburg C1046,482151046,PM2.5,88101,
El Do Springs,290390001,PM2.5,88101,
El Do Springs,290390001,PM2.5,88101,
Elgin_DMV,170890124,PM2.5,88101,
Elgin_DMV,170890124,PM2.5,88101,
Eliza Howell - ,261630093,PM2.5,88101,
Eliza Howell - ,261630093,PM2.5,88101,
Elkhart-Prairie,180390008,PM2.5,88101,
Elkhart-Prairie,180390008,PM2.5,88101,
Ellyson Industr,120330004,PM2.5,88101,
Ellyson Industr,120330004,PM2.5,88101,
Ely,270750005,PM2.5,88101,
Ely,270750005,PM2.5,88101,
"Emmetsburg, ILC",191471002,PM2.5,88502,
"Emmetsburg, ILC",191471002,PM2.5,88502,
Erie,390950024,PM2.5,88101,
Erie,390950024,PM2.5,88101,
Evansville-Buen,181630021,PM2.5,88101,
Evansville-Buen,181630021,PM2.5,88101,
Evansville-Oak ,181630024,PM2.5,88101,
Evansville-Oak ,181630024,PM2.5,88101,
FAIRHOPE,10030010,PM2.5,88101,
FAIRHOPE,10030010,PM2.5,88101,
FIVCO,210190017,PM2.5,88101,
FIVCO,210190017,PM2.5,88101,
Fairgrounds,390490034,PM2.5,88101,
Fairgrounds,390490034,PM2.5,88101,
Finland Elem,390490041,PM2.5,88101,
Finland Elem,390490041,PM2.5,88101,
Fishers,180570007,PM2.5,88101,
Fishers,180570007,PM2.5,88101,
Flint,260490022,PM2.5,88101,
Flint,260490022,PM2.5,88101,
Fond du Lac,270177417,PM2.5,88101,
Fond du Lac,270177417,PM2.5,88101,
Forest Park,295100094,PM2.5,88101,
Forest Park,295100094,PM2.5,88101,
Fort Worth CA P,484391053,PM2.5,88101,
Fort Worth CA P,484391053,PM2.5,88101,
Freeman Lake,210930007,PM2.5,88101,
Freeman Lake,210930007,PM2.5,88101,
French Settleme,220630002,PM2.5,88502,
French Settleme,220630002,PM2.5,88502,
Friendship Park,371190048,PM2.5,88101,
Friendship Park,371190048,PM2.5,88101,
Ft Wayne - Coli,180030015,PM2.5,88101,
Ft Wayne - Coli,180030015,PM2.5,88101,
"Ft. Dodge, Day ",191870013,PM2.5,88101,
"Ft. Dodge, Day ",191870013,PM2.5,88101,
Ft. Worth North,484391002,PM2.5,88101,
Ft. Worth North,484391002,PM2.5,88101,
GADSDEN,10550010,PM2.5,88101,
GADSDEN,10550010,PM2.5,88101,
GANDY,120571065,PM2.5,88502,
GANDY,120571065,PM2.5,88502,
GPORT YC,280470008,PM2.5,88101,
GPORT YC,280470008,PM2.5,88101,
GRAYSON,210430500,PM2.5,88101,
GRAYSON,210430500,PM2.5,88101,
GT Craig NCore ,390350060,PM2.5,88101,
GT Craig NCore ,390350060,PM2.5,88101,
Gainesville,131390003,PM2.5,88502,
Gainesville,131390003,PM2.5,88502,
Galveston Airpo,481671034,PM2.5,88101,
Galveston Airpo,481671034,PM2.5,88101,
Garinger,371190041,PM2.5,88101,
Garinger,371190041,PM2.5,88101,
Gary-IITRI,180890022,PM2.5,88101,
Gary-IITRI,180890022,PM2.5,88101,
General Coffee,130690002,PM2.5,88101,
General Coffee,130690002,PM2.5,88101,
Gifford,390090003,PM2.5,88101,
Gifford,390090003,PM2.5,88101,
Glenpool,401430174,PM2.5,88101,
Glenpool,401430174,PM2.5,88101,
Goodland,201810003,PM2.5,88101,
Goodland,201810003,PM2.5,88101,
Grand Island DO,310790005,PM2.5,88101,
Grand Island DO,310790005,PM2.5,88101,
Grand Portage,270317810,PM2.5,88101,
Grand Portage,270317810,PM2.5,88101,
Grand Rapids - ,260810023,PM2.5,88101,
Grand Rapids - ,260810023,PM2.5,88101,
Grand Rapids,260810020,PM2.5,88101,
Grand Rapids,260810020,PM2.5,88101,
Granite City Fi,171191007,PM2.5,88101,
Granite City Fi,171191007,PM2.5,88101,
Granite City Ga,171190024,PM2.5,88101,
Granite City Ga,171190024,PM2.5,88101,
Green Bay East ,550090005,PM2.5,88101,
Green Bay East ,550090005,PM2.5,88101,
Greenville-ESC,450450015,PM2.5,88101,
Greenville-ESC,450450015,PM2.5,88101,
Gwinnett Tech,131350002,PM2.5,88502,
Gwinnett Tech,131350002,PM2.5,88502,
HAZ2,211930003,PM2.5,88101,
HAZ2,211930003,PM2.5,88101,
HERNANDO,280330002,PM2.5,88101,
HERNANDO,280330002,PM2.5,88101,
HICKORY,370350004,PM2.5,88101,
HICKORY,370350004,PM2.5,88101,
HOUSTON,171570001,PM2.5,88101,
HOUSTON,171570001,PM2.5,88101,
HVILLE,471650007,PM2.5,88101,
HVILLE,471650007,PM2.5,88101,
Hammond-167th S,180890036,PM2.5,88101,
Hammond-167th S,180890036,PM2.5,88101,
Hamshire C64,482450022,PM2.5,88101,
Hamshire C64,482450022,PM2.5,88101,
Harriman,471450004,PM2.5,88101,
Harriman,471450004,PM2.5,88101,
Harrington Beac,550890009,PM2.5,88101,
Harrington Beac,550890009,PM2.5,88101,
Harvard Yards,390350065,PM2.5,88101,
Harvard Yards,390350065,PM2.5,88101,
Hattie Avenue,370670022,PM2.5,88101,
Hattie Avenue,370670022,PM2.5,88101,
Hattiesburg,280350004,PM2.5,88101,
Hattiesburg,280350004,PM2.5,88101,
Haws Athletic C,484391006,PM2.5,88101,
Haws Athletic C,484391006,PM2.5,88101,
Healdton,400190297,PM2.5,88101,
Healdton,400190297,PM2.5,88101,
Heritage Park,200910010,PM2.5,88101,
Heritage Park,200910010,PM2.5,88101,
Hillcrest HS,290770036,PM2.5,88101,
Hillcrest HS,290770036,PM2.5,88101,
Hinds CC,280490021,PM2.5,88101,
Hinds CC,280490021,PM2.5,88101,
Ho-Chunk Nation,550532002,PM2.5,88101,
Ho-Chunk Nation,550532002,PM2.5,88101,
Ho-Chunk Nation,550812001,PM2.5,88101,
Ho-Chunk Nation,550812001,PM2.5,88101,
Hobbs Jefferson,350250008,PM2.5,88101,
Hobbs Jefferson,350250008,PM2.5,88101,
Holland,260050003,PM2.5,88101,
Holland,260050003,PM2.5,88101,
Homestead NHP,310670005,PM2.5,88101,
Homestead NHP,310670005,PM2.5,88101,
Horicon Wildlif,550270001,PM2.5,88101,
Horicon Wildlif,550270001,PM2.5,88101,
Houghton Lake,261130001,PM2.5,88101,
Houghton Lake,261130001,PM2.5,88101,
Houston Aldine ,482010024,PM2.5,88101,
Houston Aldine ,482010024,PM2.5,88101,
Houston Bayland,482010055,PM2.5,88101,
Houston Bayland,482010055,PM2.5,88101,
Houston East C1,482011034,PM2.5,88101,
Houston East C1,482011034,PM2.5,88101,
Houston North L,482011052,PM2.5,88101,
Houston North L,482011052,PM2.5,88101,
Houston North W,482010046,PM2.5,88101,
Houston North W,482010046,PM2.5,88101,
Houston Westhol,482010066,PM2.5,88101,
Houston Westhol,482010066,PM2.5,88101,
Huntsville Old ,10890014,PM2.5,88101,
Huntsville Old ,10890014,PM2.5,88101,
I-4 Near-Road,120950009,PM2.5,88101,
I-4 Near-Road,120950009,PM2.5,88101,
I-610 New Orlea,220710021,PM2.5,88101,
I-610 New Orlea,220710021,PM2.5,88101,
Indpls - I-70 E,180970087,PM2.5,88101,
Indpls - I-70 E,180970087,PM2.5,88101,
Indpls-W.18th S,180970081,PM2.5,88101,
Indpls-W.18th S,180970081,PM2.5,88101,
Indpls-Washingt,180970078,PM2.5,88101,
Indpls-Washingt,180970078,PM2.5,88101,
"Iowa City, Hoov",191032001,PM2.5,88101,
"Iowa City, Hoov",191032001,PM2.5,88101,
Irmo DJJ,450790022,PM2.5,88101,
Irmo DJJ,450790022,PM2.5,88101,
Isla Blanca C32,480612004,PM2.5,88101,
Isla Blanca C32,480612004,PM2.5,88101,
JERSEYVL,170830117,PM2.5,88101,
JERSEYVL,170830117,PM2.5,88101,
JOHNSTON,371010002,PM2.5,88101,
JOHNSTON,371010002,PM2.5,88101,
Jackson NCORE,280490020,PM2.5,88101,
Jackson NCORE,280490020,PM2.5,88101,
Jackson Road,121152002,PM2.5,88502,
Jackson Road,121152002,PM2.5,88502,
Jackson,471130010,PM2.5,88101,
Jackson,471130010,PM2.5,88101,
Jasper - Post O,180372001,PM2.5,88101,
Jasper - Post O,180372001,PM2.5,88101,
Jefferson,350010026,PM2.5,88101,
Jeffersonville ,180190010,PM2.5,88101,
Jeffersonville ,180190010,PM2.5,88101,
Jenison,261390005,PM2.5,88101,
Jenison,261390005,PM2.5,88101,
John A. Chesnut,121035002,PM2.5,88101,
John A. Chesnut,121035002,PM2.5,88101,
Joliet,171971002,PM2.5,88101,
Joliet,171971002,PM2.5,88101,
KNI-Topeka,201770013,PM2.5,88101,
KNI-Topeka,201770013,PM2.5,88101,
KNIGHT_P,170650002,PM2.5,88101,
KNIGHT_P,170650002,PM2.5,88101,
Kalamazoo,260770008,PM2.5,88101,
Kalamazoo,260770008,PM2.5,88101,
Karnack C85,482030002,PM2.5,88101,
Karnack C85,482030002,PM2.5,88101,
Kaufman C71,482570005,PM2.5,88101,
Kaufman C71,482570005,PM2.5,88101,
Kendal,120860034,PM2.5,88502,
Kendal,120860034,PM2.5,88502,
Kenner,220511001,PM2.5,88101,
Kenner,220511001,PM2.5,88101,
Kingery Near-ro,170310119,PM2.5,88101,
Kingery Near-ro,170310119,PM2.5,88101,
Kingsport,471631007,PM2.5,88101,
Kingsport,471631007,PM2.5,88101,
Kokomo - E. Vai,180670004,PM2.5,88101,
Kokomo - E. Vai,180670004,PM2.5,88101,
Kooker Park,120310032,PM2.5,88101,
Kooker Park,120310032,PM2.5,88101,
LEEDS,10731010,PM2.5,88101,
LEEDS,10731010,PM2.5,88101,
LEGGETT,370650099,PM2.5,88502,
LEGGETT,370650099,PM2.5,88502,
LLCHD BAM,311090022,PM2.5,88502,
LLCHD BAM,311090022,PM2.5,88502,
LOCKELAND,470370023,PM2.5,88101,
LOCKELAND,470370023,PM2.5,88101,
LOUDONMS,471050109,PM2.5,88101,
LOUDONMS,471050109,PM2.5,88101,
LRB - Manistee,261010922,PM2.5,88101,
LRB - Manistee,261010922,PM2.5,88101,
LWATTOWR,370570002,PM2.5,88101,
LWATTOWR,370570002,PM2.5,88101,
Ladue,291893001,PM2.5,88101,
Ladue,291893001,PM2.5,88101,
Lafayette-Green,181570008,PM2.5,88101,
Lafayette-Green,181570008,PM2.5,88101,
Lafayette,220550007,PM2.5,88502,
Lafayette,220550007,PM2.5,88502,
Laird Eng Bldg,391550014,PM2.5,88101,
Laird Eng Bldg,391550014,PM2.5,88101,
Lake City,120230002,PM2.5,88502,
Lake City,120230002,PM2.5,88502,
Lake Lena,271153061,PM2.5,88101,
Lake Lena,271153061,PM2.5,88101,
Lake Sugema,191770006,PM2.5,88502,
Lake Sugema,191770006,PM2.5,88502,
Lakeville - Nea,270370480,PM2.5,88101,
Lakeville - Nea,270370480,PM2.5,88101,
Lamstein Lane,120990022,PM2.5,88101,
Lamstein Lane,120990022,PM2.5,88101,
Lansing,260650018,PM2.5,88101,
Lansing,260650018,PM2.5,88101,
Laredo C313,484790313,PM2.5,88101,
Laredo C313,484790313,PM2.5,88101,
Larwill,181830003,PM2.5,88101,
Larwill,181830003,PM2.5,88101,
Las Cruces ED,350130025,PM2.5,88101,
Las Cruces ED,350130025,PM2.5,88101,
Laurel Oaks Ele,120210004,PM2.5,88502,
Laurel Oaks Ele,120210004,PM2.5,88502,
Lawton North,400310651,PM2.5,88101,
Lawton North,400310651,PM2.5,88101,
Lebanon,391650007,PM2.5,88502,
Lebanon,391650007,PM2.5,88502,
Leech Lake Nati,270213410,PM2.5,88101,
Leech Lake Nati,270213410,PM2.5,88101,
Liberty,290470005,PM2.5,88101,
Liberty,290470005,PM2.5,88101,
Lima,390030009,PM2.5,88101,
Lima,390030009,PM2.5,88101,
Linden Hills,290950043,PM2.5,88101,
Linden Hills,290950043,PM2.5,88101,
Lockhart C1604,480551604,PM2.5,88101,
Lockhart C1604,480551604,PM2.5,88101,
Loretto,470990003,PM2.5,88101,
Loretto,470990003,PM2.5,88101,
Lower Price Hil,390610042,PM2.5,88101,
Lower Price Hil,390610042,PM2.5,88101,
Lubbock 12th St,483031028,PM2.5,88101,
Lubbock 12th St,483031028,PM2.5,88101,
MARION,50350005,PM2.5,88502,
MARION,50350005,PM2.5,88502,
MARYVILL,470090011,PM2.5,88101,
MARYVILL,470090011,PM2.5,88101,
MCADORY,10731005,PM2.5,88101,
MCADORY,10731005,PM2.5,88101,
MCKINLEY STEAM,191130042,PM2.5,88101,
MCKINLEY STEAM,191130042,PM2.5,88101,
MENDNHAL,370810013,PM2.5,88101,
MENDNHAL,370810013,PM2.5,88101,
MIDAIR,210130002,PM2.5,88101,
MIDAIR,210130002,PM2.5,88101,
MONTG,11011002,PM2.5,88101,
MONTG,11011002,PM2.5,88101,
MUNRO STREET,120570113,PM2.5,88101,
MUNRO STREET,120570113,PM2.5,88101,
Macon Allied,130210007,PM2.5,88101,
Macon Allied,130210007,PM2.5,88101,
Madison East,550250041,PM2.5,88101,
Madison East,550250041,PM2.5,88101,
Madison Univers,550250047,PM2.5,88101,
Madison Univers,550250047,PM2.5,88101,
Madisonville,221030002,PM2.5,88502,
Madisonville,221030002,PM2.5,88502,
Mandarin,120310098,PM2.5,88101,
Mandarin,120310098,PM2.5,88101,
Mankato - RosaP,270135510,PM2.5,88101,
Mankato - RosaP,270135510,PM2.5,88101,
Maple Canyon,390490081,PM2.5,88101,
Maple Canyon,390490081,PM2.5,88101,
Marshall,270834210,PM2.5,88101,
Marshall,270834210,PM2.5,88101,
Mayo Clinic,120310100,PM2.5,88502,
Mayo Clinic,120310100,PM2.5,88502,
McAlester,401210415,PM2.5,88101,
McAlester,401210415,PM2.5,88101,
McCook,170311016,PM2.5,88101,
McCook,170311016,PM2.5,88101,
McDonough,131510002,PM2.5,88502,
McDonough,131510002,PM2.5,88502,
Mechanicsburg,180650003,PM2.5,88101,
Mechanicsburg,180650003,PM2.5,88101,
Melbourne,120090007,PM2.5,88101,
Melbourne,120090007,PM2.5,88101,
Miami Fire Stat,120861016,PM2.5,88101,
Miami Fire Stat,120861016,PM2.5,88101,
Miami,TT9209004,PM2.5,88101,
Miami,TT9209004,PM2.5,88101,
Michigan City -,180910011,PM2.5,88101,
Michigan City -,180910011,PM2.5,88101,
Millbrook NCore,371830014,PM2.5,88101,
Millbrook NCore,371830014,PM2.5,88101,
Milwaukee 16th ,550790010,PM2.5,88101,
Milwaukee 16th ,550790010,PM2.5,88101,
Milwaukee Colle,550790056,PM2.5,88101,
Milwaukee Colle,550790056,PM2.5,88101,
Minneapolis - A,270530963,PM2.5,88101,
Minneapolis - A,270530963,PM2.5,88101,
Minneapolis - E,270531904,PM2.5,88101,
Minneapolis - E,270531904,PM2.5,88101,
Minneapolis - N,270530962,PM2.5,88101,
Minneapolis - N,270530962,PM2.5,88101,
Minneapolis - P,270530910,PM2.5,88101,
Minneapolis - P,270530910,PM2.5,88101,
Mission C43,482150043,PM2.5,88101,
Mission C43,482150043,PM2.5,88101,
Mobile Trailer-,350012022,PM2.5,88101,
Mobile Trailer-,350012022,PM2.5,88101,
Monroe,220730004,PM2.5,88101,
Monroe,220730004,PM2.5,88101,
Moore,400270049,PM2.5,88101,
Moore,400270049,PM2.5,88101,
Muncie Central ,180350006,PM2.5,88101,
Muncie Central ,180350006,PM2.5,88101,
"Muscatine, High",191390019,PM2.5,88502,
"Muscatine, High",191390019,PM2.5,88502,
N,A,482011099,,1
N,A,482011056,,1
N,A,482011056,,1
N,A,482011099,,1
NCORE,310550019,PM2.5,88101,
NCORE,310550019,PM2.5,88101,
NCORE,120110034,PM2.5,88101,
NCORE,120110034,PM2.5,88101,
NEWTWN,210670012,PM2.5,88101,
NEWTWN,210670012,PM2.5,88101,
NICHVILL,211130001,PM2.5,88101,
NICHVILL,211130001,PM2.5,88101,
NKU,210373002,PM2.5,88101,
NKU,210373002,PM2.5,88101,
NO. BHAM,10730023,PM2.5,88101,
NO. BHAM,10730023,PM2.5,88101,
NORMAL,171132003,PM2.5,88101,
NORMAL,171132003,PM2.5,88101,
NORTHBRK,170314201,PM2.5,88101,
NORTHBRK,170314201,PM2.5,88101,
NR-Georgia Tech,131210056,PM2.5,88502,
NR-Georgia Tech,131210056,PM2.5,88502,
NRS,470370040,PM2.5,88101,
NRS,470370040,PM2.5,88101,
Naperville,170434002,PM2.5,88101,
Naperville,170434002,PM2.5,88101,
Near Road OKC,401090097,PM2.5,88101,
Near Road OKC,401090097,PM2.5,88101,
Near Road,120110035,PM2.5,88101,
Near Road,211110075,PM2.5,88101,
Near Road,120110035,PM2.5,88101,
Near Road,211110075,PM2.5,88101,
Negaunee Twp.,261030013,PM2.5,88101,
Negaunee Twp.,261030013,PM2.5,88101,
New Albany - 4H,180430008,PM2.5,88101,
New Albany - 4H,180430008,PM2.5,88101,
New Albany,390490029,PM2.5,88502,
New Albany,390490029,PM2.5,88502,
New Haven,260990009,PM2.5,88101,
New Haven,260990009,PM2.5,88101,
North Charlesto,450190020,PM2.5,88101,
North Charlesto,450190020,PM2.5,88101,
North OKC,401091037,PM2.5,88101,
North OKC,401091037,PM2.5,88101,
North Valley,350011013,PM2.5,88101,
North Valley,350011013,PM2.5,88101,
Northampton,371310003,PM2.5,88101,
Northampton,371310003,PM2.5,88101,
ODOT Ironton,390870012,PM2.5,88101,
ODOT Ironton,390870012,PM2.5,88101,
Oak Park,261250001,PM2.5,88101,
Oak Park,261250001,PM2.5,88101,
Odessa Gonzales,481351014,PM2.5,88101,
Odessa Gonzales,481351014,PM2.5,88101,
Ogden Dunes,181270024,PM2.5,88101,
Ogden Dunes,181270024,PM2.5,88101,
Ohio Bell,390170015,PM2.5,88101,
Ohio Bell,390170015,PM2.5,88101,
Osceola Co. Fir,120972002,PM2.5,88101,
Osceola Co. Fir,120972002,PM2.5,88101,
Osceola Nationa,120030002,PM2.5,88502,
Osceola Nationa,120030002,PM2.5,88502,
Owensboro,210590015,PM2.5,88101,
Owensboro,210590015,PM2.5,88101,
PARR,51190007,PM2.5,88101,
PARR,51190007,PM2.5,88101,
PASCAGOULA,280590006,PM2.5,88101,
PASCAGOULA,280590006,PM2.5,88101,
PECK,201910002,PM2.5,88101,
PECK,201910002,PM2.5,88101,
PEORIA_J,171430037,PM2.5,88101,
PEORIA_J,171430037,PM2.5,88101,
PIKE2001,211950002,PM2.5,88101,
PIKE2001,211950002,PM2.5,88101,
PITTAGCT,371470006,PM2.5,88101,
PITTAGCT,371470006,PM2.5,88101,
POMPANO_BEACH,120112003,PM2.5,88101,
POMPANO_BEACH,120112003,PM2.5,88101,
PUBLIC HEALTH,191130040,PM2.5,88101,
PUBLIC HEALTH,191130040,PM2.5,88101,
PUBLIC WORKS,191535885,PM2.5,88101,
PUBLIC WORKS,191535885,PM2.5,88101,
Paducah Transit,211451027,PM2.5,88101,
Paducah Transit,211451027,PM2.5,88101,
Painesville,390850007,PM2.5,88101,
Painesville,390850007,PM2.5,88101,
Parklane,450790007,PM2.5,88101,
Parklane,450790007,PM2.5,88101,
Paynes Prairie ,120013012,PM2.5,88101,
Paynes Prairie ,120013012,PM2.5,88101,
Pennyrile Fores,210470007,PM2.5,88101,
Pennyrile Fores,210470007,PM2.5,88101,
Pensacola NAS,120330018,PM2.5,88101,
Pensacola NAS,120330018,PM2.5,88101,
Pepsi Place,120310108,PM2.5,88101,
Pepsi Place,120310108,PM2.5,88101,
Plummer,180550001,PM2.5,88101,
Plummer,180550001,PM2.5,88101,
Pompano,120110037,PM2.5,88101,
Pompano,120110037,PM2.5,88101,
Ponca City,400710604,PM2.5,88101,
Ponca City,400710604,PM2.5,88101,
Port Huron,261470005,PM2.5,88101,
Port Huron,261470005,PM2.5,88101,
Portsmouth Wate,391450013,PM2.5,88101,
Portsmouth Wate,391450013,PM2.5,88101,
Potawatomi,550410007,PM2.5,88101,
Potawatomi,550410007,PM2.5,88101,
Potosi,550430009,PM2.5,88101,
Potosi,550430009,PM2.5,88101,
Preble NCore,391351001,PM2.5,88101,
Preble NCore,391351001,PM2.5,88101,
Presidents' Dri,120950011,PM2.5,88101,
Presidents' Dri,120950011,PM2.5,88101,
RAPS,390950026,PM2.5,88101,
RAPS,390950026,PM2.5,88101,
RG_South,290370003,PM2.5,88101,
RG_South,290370003,PM2.5,88101,
ROCKWELL,371590021,PM2.5,88101,
ROCKWELL,371590021,PM2.5,88101,
ROCK_IS,171613002,PM2.5,88101,
ROCK_IS,171613002,PM2.5,88101,
Red Lake Nation,270072304,PM2.5,88101,
Red Lake Nation,270072304,PM2.5,88101,
Remount,371190045,PM2.5,88101,
Remount,371190045,PM2.5,88101,
Rochester,271095008,PM2.5,88101,
Rochester,271095008,PM2.5,88101,
Rockford,172010118,PM2.5,88101,
Rockford,172010118,PM2.5,88101,
Rome,131150003,PM2.5,88502,
Rome,131150003,PM2.5,88502,
Rossville-Willi,132950004,PM2.5,88502,
Rossville-Willi,132950004,PM2.5,88502,
Rule,470931017,PM2.5,88101,
Rule,470931017,PM2.5,88101,
SBHS,311570004,PM2.5,88101,
SBHS,311570004,PM2.5,88101,
SCHILPRK,170313103,PM2.5,88101,
SCHILPRK,170313103,PM2.5,88101,
SETRPC Mauricev,483611100,PM2.5,88101,
SETRPC Mauricev,483611100,PM2.5,88101,
SHELBY FARMS,471570075,PM2.5,88101,
SHELBY FARMS,471570075,PM2.5,88101,
SOMERST,211990003,PM2.5,88101,
SOMERST,211990003,PM2.5,88101,
SPRINGHILL,470931020,PM2.5,88101,
SPRINGHILL,470931020,PM2.5,88101,
SPRNGDLE,51430005,PM2.5,88502,
SPRNGDLE,51430005,PM2.5,88502,
SYDNEY,120573002,PM2.5,88101,
SYDNEY,120573002,PM2.5,88101,
San Antonio Bul,480291087,PM2.5,88101,
San Antonio Bul,480291087,PM2.5,88101,
San Antonio IH3,480291069,PM2.5,88101,
San Antonio IH3,480291069,PM2.5,88101,
San Antonio Nor,480290032,PM2.5,88101,
San Antonio Nor,480290032,PM2.5,88101,
San Antonio Old,480290677,PM2.5,88101,
San Antonio Old,480290677,PM2.5,88101,
San Marcos Stap,482091675,PM2.5,88101,
San Marcos Stap,482091675,PM2.5,88101,
Sandersville,133030001,PM2.5,88502,
Sandersville,133030001,PM2.5,88502,
Santa Fe Airpor,350490021,PM2.5,88101,
Santa Fe Airpor,350490021,PM2.5,88101,
Santa Teresa,350130022,PM2.5,88101,
Santa Teresa,350130022,PM2.5,88101,
Savannah L&A,130511002,PM2.5,88101,
Savannah L&A,130511002,PM2.5,88101,
Seabrook Friend,482011050,PM2.5,88101,
Seabrook Friend,482011050,PM2.5,88101,
Seiling,400430860,PM2.5,88101,
Seiling,400430860,PM2.5,88101,
Seminole Commun,121171002,PM2.5,88101,
Seminole Commun,121171002,PM2.5,88101,
Seney,261530001,PM2.5,88101,
Seney,261530001,PM2.5,88101,
Shakopee,271390505,PM2.5,88101,
Shakopee,271390505,PM2.5,88101,
Sheffield Eleme,120310077,PM2.5,88502,
Sheffield Eleme,120310077,PM2.5,88502,
Shreveport Airp,220150008,PM2.5,88502,
Shreveport Airp,220150008,PM2.5,88502,
Sinclair,391130038,PM2.5,88101,
Sinclair,391130038,PM2.5,88101,
Siskin Dr,470654002,PM2.5,88502,
Siskin Dr,470654002,PM2.5,88502,
Smiths Grove,212270009,PM2.5,88101,
Smiths Grove,212270009,PM2.5,88101,
Smoky Row Near ,390490038,PM2.5,88101,
Smoky Row Near ,390490038,PM2.5,88101,
Socorro Hueco C,481410057,PM2.5,88101,
Socorro Hueco C,481410057,PM2.5,88101,
South Bend-Shie,181410015,PM2.5,88101,
South Bend-Shie,181410015,PM2.5,88101,
South Broadway,295100007,PM2.5,88101,
South Broadway,295100007,PM2.5,88101,
South DeKalb,130890002,PM2.5,88101,
South DeKalb,130890002,PM2.5,88101,
South Valley,350010029,PM2.5,88101,
South Valley,350010029,PM2.5,88101,
Springfield Ag,171670012,PM2.5,88101,
Springfield Ag,171670012,PM2.5,88101,
Springfield Fir,390230005,PM2.5,88101,
Springfield Fir,390230005,PM2.5,88101,
Spruce Pine,371210004,PM2.5,88101,
Spruce Pine,371210004,PM2.5,88101,
St Theodosius,390350038,PM2.5,88101,
St Theodosius,390350038,PM2.5,88101,
St. Andrews Par,120050006,PM2.5,88502,
St. Andrews Par,120050006,PM2.5,88502,
St. Cloud,271453052,PM2.5,88101,
St. Cloud,271453052,PM2.5,88101,
St. Joseph,290210005,PM2.5,88101,
St. Joseph,290210005,PM2.5,88101,
St. Marks Wildl,121290001,PM2.5,88502,
St. Marks Wildl,121290001,PM2.5,88502,
St. Michael,271713201,PM2.5,88101,
St. Michael,271713201,PM2.5,88101,
St. Paul-Hardin,271230871,PM2.5,88101,
St. Paul-Hardin,271230871,PM2.5,88101,
St. Pete Midtow,121030028,PM2.5,88101,
St. Pete Midtow,121030028,PM2.5,88101,
St. Petersburg ,121030004,PM2.5,88101,
St. Petersburg ,121030004,PM2.5,88101,
Steubenville,390810017,PM2.5,88101,
Steubenville,390810017,PM2.5,88101,
Stuart,120850007,PM2.5,88101,
Stuart,120850007,PM2.5,88101,
Summit,170313301,PM2.5,88101,
Summit,170313301,PM2.5,88101,
Sunny Acres,120310099,PM2.5,88101,
Sunny Acres,120310099,PM2.5,88101,
Sycamore,390610006,PM2.5,88101,
Sycamore,390610006,PM2.5,88101,
TARRANT,10736002,PM2.5,88101,
TARRANT,10736002,PM2.5,88101,
TK Gregg,450830011,PM2.5,88101,
TK Gregg,450830011,PM2.5,88101,
Taft NCore PAMS,390610040,PM2.5,88101,
Taft NCore PAMS,390610040,PM2.5,88101,
Tallahassee Com,120730012,PM2.5,88502,
Tallahassee Com,120730012,PM2.5,88502,
Taos Fire Stati,350550005,PM2.5,88101,
Taos Fire Stati,350550005,PM2.5,88101,
Tecumseh,260910007,PM2.5,88101,
Tecumseh,260910007,PM2.5,88101,
Temple Georgia ,480271045,PM2.5,88101,
Temple Georgia ,480271045,PM2.5,88101,
Terre Haute-Laf,181670018,PM2.5,88101,
Terre Haute-Laf,181670018,PM2.5,88101,
Texarkana New B,480371031,PM2.5,88101,
Texarkana New B,480371031,PM2.5,88101,
Thibodaux,220570004,PM2.5,88502,
Thibodaux,220570004,PM2.5,88502,
Thomas Jefferso,482450021,PM2.5,88101,
Thomas Jefferso,482450021,PM2.5,88101,
Tramway,350011012,PM2.5,88101,
Tramway,350011012,PM2.5,88101,
Trenton,450370001,PM2.5,88101,
Trenton,450370001,PM2.5,88101,
Triple Oak - Ne,371830021,PM2.5,88101,
Triple Oak - Ne,371830021,PM2.5,88101,
Troost,290950034,PM2.5,88101,
Troost,290950034,PM2.5,88101,
Tulsa,401431127,PM2.5,88101,
Tulsa,401431127,PM2.5,88101,
United Ave,131210055,PM2.5,88502,
United Ave,131210055,PM2.5,88502,
V_VIEW,120110033,PM2.5,88101,
V_VIEW,120110033,PM2.5,88101,
Valdosta,131850003,PM2.5,88101,
Valdosta,131850003,PM2.5,88101,
Viking Lake Sta,191370002,PM2.5,88502,
Viking Lake Sta,191370002,PM2.5,88502,
Vinton,220190009,PM2.5,88101,
Vinton,220190009,PM2.5,88101,
Virginia,271377001,PM2.5,88101,
Virginia,271377001,PM2.5,88101,
Von Ormy Highwa,480131090,PM2.5,88101,
Von Ormy Highwa,480131090,PM2.5,88101,
W OWEN SCH,370510009,PM2.5,88101,
W OWEN SCH,370510009,PM2.5,88101,
WATSON,211110051,PM2.5,88101,
WATSON,211110051,PM2.5,88101,
WAVELAND,280450003,PM2.5,88101,
WAVELAND,280450003,PM2.5,88101,
WHlthDpt,201730010,PM2.5,88101,
WHlthDpt,201730010,PM2.5,88101,
WTN1,TT3830001,PM2.5,88101,
WTN1,TT3830001,PM2.5,88101,
WTN2,TT3830002,PM2.5,88101,
WTN2,TT3830002,PM2.5,88101,
WY,KC,202090021,,4
WY,KC,202090021,,4
WYLAM,10732003,PM2.5,88101,
WYLAM,10732003,PM2.5,88101,
Waco C1037,483091037,PM2.5,88502,
Waco C1037,483091037,PM2.5,88502,
Ward,11190003,PM2.5,88101,
Ward,11190003,PM2.5,88101,
Warner Robins,131530001,PM2.5,88101,
Warner Robins,131530001,PM2.5,88101,
"Waterloo, Water",190130009,PM2.5,88502,
"Waterloo, Water",190130009,PM2.5,88502,
Waukesha-Clevel,551330027,PM2.5,88101,
Waukesha-Clevel,551330027,PM2.5,88101,
West Duluth,271377554,PM2.5,88101,
West Duluth,271377554,PM2.5,88101,
Westlake,220190008,PM2.5,88101,
Westlake,220190008,PM2.5,88101,
White Springs P,120470017,PM2.5,88502,
White Springs P,120470017,PM2.5,88502,
Williams Middle,450410003,PM2.5,88101,
Williams Middle,450410003,PM2.5,88101,
Winkler Pump St,120710005,PM2.5,88101,
Winkler Pump St,120710005,PM2.5,88101,
Wittkop Park,120866002,PM2.5,88101,
Wittkop Park,120866002,PM2.5,88101,
Wood_River,171193007,PM2.5,88101,
Wood_River,171193007,PM2.5,88101,
Woodlawn,121130015,PM2.5,88502,
Woodlawn,121130015,PM2.5,88502,
YMCA - Marion C,120830003,PM2.5,88502,
YMCA - Marion C,120830003,PM2.5,88502,
Yankee,390170020,PM2.5,88101,
Yankee,390170020,PM2.5,88101,
Youngstown Stat,390990015,PM2.5,88101,
Youngstown Stat,390990015,PM2.5,88101,
Ypsilanti,261610008,PM2.5,88101,
Ypsilanti,261610008,PM2.5,88101,
