sensor_index,date_created,last_seen,name,Friendly_Name,model,firmware_version,latitude,longitude,altitude,date _expires,pollutants,sensor_man,site,av_buddy,qapp,Notes
176311,3/10/2023,7/21/2025,TDEC APC - Dyersburg - 176311,TDEC APC - Dyersburg - 176311,PA-II,7.02,36.05266,-89.38216,326,,PM,PurpleAir,Dyersburg,DYERSBURG,FALSE,
93593,12/10/2020,7/21/2025,Jackson4744,TDEC APC - Jackson - 93593,PA-II-SD,7.02,35.705894,-88.81981,445,,PM,PurpleAir,Jackson,Jackson NP,FALSE,
93321,12/9/2020,2/14/2025,Loretto21DD,TDEC APC - Loretto - 93321,PA-II,7.02,35.1189,-87.427055,842,,PM,PurpleAir,Loretto,Loretto,FALSE,
51741,4/7/2020,7/21/2025,LorettoD036,TDEC APC - Loretto - 51741,PA-II-SD,7.02,35.116882,-87.41976,905,,PM,PurpleAir,Loretto,Loretto,FALSE,
51737,4/7/2020,7/21/2025,LorettoD04A,TDEC APC - Loretto - 51737,PA-II-SD,7.02,35.11685,-87.41972,904,,PM,PurpleAir,Loretto,Loretto,FALSE,
51867,4/8/2020,7/21/2025,Loretto8DD0,TDEC APC - Loretto - 51867,PA-II-SD,7.02,35.116875,-87.419716,904,,PM,PurpleAir,Loretto,Loretto,TRUE,
93325,12/9/2020,7/21/2025,West Dickson,TDEC APC - West Dickson - 93325,PA-II-SD,7.02,36.080555,-87.39947,825,,PM,PurpleAir,West Dickson,,FALSE,
93659,12/10/2020,7/21/2025,ClarksvilleC223,TDEC APC - Clarksville - 93659,PA-II-SD,7.02,36.61107,-87.384705,486,,PM,PurpleAir,Clarksville,Clarksville WC,FALSE,
261331,1/25/2025,7/21/2025,Columbia QC2,TDEC APC - Columbia - 261331,PA-II,7.02,35.65159,-87.00967,713,,PM,PurpleAir,Columbia,Columbia,TRUE,
261271,1/25/2025,7/21/2025,Columbia QC1,TDEC APC - Columbia - 261271,PA-II,7.02,35.65120641,-87.0097612,713,,PM,PurpleAir,Columbia,Columbia,TRUE,
93577,12/10/2020,7/21/2025,Columbia,TDEC APC - Columbia - 93577,PA-II-SD,7.02,35.65182,-87.00883,722,,PM,PurpleAir,Columbia,Columbia,FALSE,
51873,4/8/2020,7/21/2025,LockelandD6CD,TDEC APC - Lockeland - 51873,PA-II-SD,7.02,36.176247,-86.739105,511,,PM,PurpleAir,Lockeland,,FALSE,
51921,4/9/2020,3/13/2025,Lockeland3975,TDEC APC - Lockeland - 51921,PA-II-SD,7.02,36.17634,-86.738976,511,,PM,PurpleAir,Lockeland,,FALSE,
93645,12/10/2020,7/21/2025,LockelandCCEA,TDEC APC - Lockeland - 93645,PA-II-SD,7.02,36.17619,-86.73885,510,,PM,PurpleAir,Lockeland,,FALSE,
51749,4/7/2020,7/21/2025,NearRdB4C3,TDEC APC - Near Rd - 51749,PA-II-SD,7.02,36.14234,-86.73421,519,,PM,PurpleAir,Near Rd,,FALSE,
51703,4/7/2020,7/21/2025,NearRdD140,TDEC APC - Near Rd - 51703,PA-II-SD,7.02,36.142494,-86.73415,518,,PM,PurpleAir,Near Rd,,FALSE,
84545,10/22/2020,7/21/2025,NearRd(Rep)102F,TDEC APC - Near Rd - 84545,PA-II-SD,7.02,36.142414,-86.733986,519,,PM,PurpleAir,Near Rd,,FALSE,
93323,12/9/2020,6/17/2025,Hville3B0,TDEC APC - Hendersonville - 93323,PA-II-SD,7.02,36.29822,-86.65427,482,,PM,PurpleAir,Hendersonville,HVILLE,FALSE,
51913,4/8/2020,6/17/2025,HVILLE85C,TDEC APC - Hendersonville - 51913,PA-II-SD,7.02,36.297222,-86.65303,476,,PM,PurpleAir,Hendersonville,HVILLE,FALSE,
51733,4/7/2020,6/17/2025,HVILLED034,TDEC APC - Hendersonville - 51733,PA-II-SD,7.02,36.29747,-86.652824,476,,PM,PurpleAir,Hendersonville,HVILLE,FALSE,
93607,12/10/2020,7/21/2025,Cedars,TDEC APC - Cedars - 93607,PA-II-SD,7.02,36.0608,-86.2863,707,,PM,PurpleAir,Cedars,,FALSE,
176279,3/10/2023,7/21/2025,HarrimanC181,TDEC APC - Harriman - 176279,PA-II,7.02,35.93908,-84.5428,808,,PM,PurpleAir,Harriman,HARRIMAN,TRUE,
261457,1/26/2025,7/21/2025,Harriman QC1,TDEC APC - Harriman - 261457,PA-II,7.02,35.939236,-84.54278,808,,PM,PurpleAir,Harriman,HARRIMAN,TRUE,
176281,3/10/2023,7/16/2025,Loudon4f56,TDEC APC - Loudon - 176281,PA-II,7.02,35.72109,-84.34304,810,,PM,PurpleAir,Loudon,Loudon School,FALSE,
261459,1/26/2025,7/21/2025,Loudon QC2,TDEC APC - Loudon - 261459,PA-II,7.02,35.721127,-84.34303,811,,PM,PurpleAir,Loudon,Loudon School,FALSE,Only ran for a week
261449,1/26/2025,7/21/2025,Loudon QC1,TDEC APC - Loudon - 261449,PA-II,7.02,35.721123,-84.34303,811,,PM,PurpleAir,Loudon,Loudon School,FALSE,Only ran for a week
176307,3/10/2023,7/21/2025,NewMarketC19D,TDEC APC - New Market - 176307,PA-II,7.02,36.10563,-83.60208,1111,,PM,PurpleAir,New Market,,FALSE,
261315,1/25/2025,7/21/2025,New Market Sensor 2,TDEC APC - New Market - 261315,PA-II,7.02,36.10520526,-83.60206391,1111,,PM,PurpleAir,New Market,,TRUE,
261326,1/25/2025,7/21/2025,New Market Sensor 1,TDEC APC - New Market - 261326,PA-II,7.02,36.10544363,-83.60228726,1112,,PM,PurpleAir,New Market,,TRUE,
176263,3/10/2023,7/21/2025,AndrewJohnsonFEAC,TDEC APC - Andrew Johnson - 176263,PA-II,7.02,36.52636,-82.52868,1272,,PM,PurpleAir,Andrew Johnson,Kingsport PM,TRUE,
261329,1/25/2025,7/21/2025,AJ 2025,TDEC APC - Andrew Johnson - 261329,PA-II,7.02,36.52629614,-82.52866511,1272,,PM,PurpleAir,Andrew Johnson,Kingsport PM,TRUE,
262243,1/29/2025,7/21/2025,Kingsport QC1,TDEC APC – Kingsport - 262243,PA-II,7.02,36.538925,-82.52163,1305,,PM,PurpleAir,Kingsport PM,Kingsport PM,TRUE,
261447,1/26/2025,7/21/2025,RNR,TDEC APC - Ross N Robinson - 261447,PA-II,7.02,36.52927,-82.516304,1323,,PM,PurpleAir,Ross N Robinson,Kingsport PM,TRUE,
200451,10/25/2023,7/21/2025,Exide 1,TDEC APC - Exide - 200451,PA-II-SD,7.02,36.524433,-82.27261,1507,,PM,PurpleAir,Exide,,FALSE,
200469,10/25/2023,7/21/2025,Exide 2,TDEC APC - Exide - 200469,PA-II-SD,7.02,36.524162,-82.272385,1502,,PM,PurpleAir,Exide,,FALSE,
ANHWXTTM,,,HV 1,TDEC APC - Hendersonville - ANHWXTTM,Clarity Node,,36.29765945,-86.65217215,,1/23/2026,"PM,NO2",Clarity Node,Hendersonville,HVILLE,FALSE,
AYVMJFQ4,1/25/2025,,Loretto Node/O3,TDEC APC - Loretto - AYVMJFQ4,Clarity Node,,35.11624,-87.41935,,12/23/2025,"PM,O3,NO2",Clarity Node,Loretto,Loretto,TRUE,
AQV7LXJN,1/25/2025,,Clarksville Node-S/Ozone Module,TDEC APC - Clarksville - AQV7LXJN,Clarity Node,,36.61141737,-87.38456593,,1/23/2026,"PM,O3,NO2",Clarity Node,Clarksville,Clarksville WC,TRUE,
AK6YN4GQ,,,HV 2,TDEC APC - Hendersonville - AK6YN4GQ,Clarity Node,,36.29727452,-86.65200007,,1/23/2026,"PM,NO2",Clarity Node,Hendersonville,HVILLE,FALSE,
AVXYF3F3,,,HV 4,TDEC APC - Hendersonville - AVXYF3F3,Clarity Node,,36.29704022,-86.65253537,,12/23/2025,"PM,NO2",Clarity Node,Hendersonville,HVILLE,FALSE,
ARMTKC7X,,,HV 3,TDEC APC - Hendersonville - ARMTKC7X,Clarity Node,,36.29786584,-86.65250465,,12/23/2025,"PM,NO2",Clarity Node,Hendersonville,HVILLE,FALSE,
AYP7CLJJ,1/25/2025,,Cookeville Cane Creek Node/O3,TDEC APC - Cookeville Cane Creek - AYP7CLJJ,Clarity Node,,36.16131845,-85.54025169,,1/23/2026,"PM,O3,NO2",Clarity Node,Cookeville Cane Creek,Cookeville,TRUE,
ALMCWJHW,1/25/2025,,Jackson Clarity Node-S/Ozone Module (DQGJD0125),TDEC APC - Jackson - ALMCWJHW,Clarity Node,,35.7053557,-88.81956447,,1/23/2026,"PM,O3,NO2",Clarity Node,Jackson,Jackson NP,TRUE,
A9PNC7JG,,,Loudon Node-S/O3 Module,TDEC APC - Loudon - A9PNC7JG,Clarity Node,,35.72117632,-84.34296064,,1/23/2026,"PM,O3,NO2",Clarity Node,Loudon,Loudon School,TRUE,
261319,1/25/2025,8/6/2025,Loudon QC4,TDEC APC - Loudon - 261319,PA-II,7.02,35.72113715,-84.34297425,812,,PM,PurpleAir,Loudon,Loudon School,FALSE,QAPP only has 1 PA assigned for Loudon
261289,1/25/2025,8/6/2025,Loudon QC3,TDEC APC - Loudon - 261289,PA-II,7.02,35.72089979,-84.34295279,812,,PM,PurpleAir,Loudon,Loudon School,TRUE,
261333,1/25/2025,,Happy Hill,TDEC APC - Happy Hill - 261333,PA-II,7.02,36.51302639,-82.55048083,1304,,PM,PurpleAir,Happy Hill,Kingsport PM,TRUE,
261453,1/26/2025,,Kingsport Ketron,TDEC APC - Kingsport Ketron - 261453,PA-II,7.02,36.58211,-82.485742,1397,,PM,PurpleAir,Kingsport Ketron,Kingsport PM,TRUE,
261325,1/25/2025,,Kingsport QC2,TDEC APC - Kingsport PM - 261325,PA-II,7.02,36.53961,-82.522621,1305,,PM,PurpleAir,Kingsport PM,Kingsport PM,TRUE,
A9YQHXMX,1/25/2025,,Loretto Node/O3,TDEC APC - Loretto – A9YQHXMX,Clarity Node,,35.11624,-87.41935,,12/23/2025,"PM,O3,NO2",Clarity Node,Loretto,Loretto,TRUE,
